{
  "project_info": {
    "project_number": "660490465989",
    "firebase_url": "https://komodo-f9a7d.firebaseio.com",
    "project_id": "komodo-f9a7d",
    "storage_bucket": "komodo-f9a7d.appspot.com"
  },
  "client": [
    {
      "client_info": {
        "mobilesdk_app_id": "1:660490465989:android:2a1342c776fbfbba24b6ac",
        "android_client_info": {
          "package_name": "com.komododragon.innobuzz"
        }
      },
      "oauth_client": [
        {
          "client_id": "660490465989-v4fime747fcekesqor0pm3hul3lisl2u.apps.googleusercontent.com",
          "client_type": 3
        }
      ],
      "api_key": [
        {
          "current_key": "AIzaSyBce36uYC1-RMc633WiDnig78ujn3tXotg"
        }
      ],
      "services": {
        "appinvite_service": {
          "other_platform_oauth_client": [
            {
              "client_id": "660490465989-v4fime747fcekesqor0pm3hul3lisl2u.apps.googleusercontent.com",
              "client_type": 3
            }
          ]
        }
      }
    }
  ],
  "configuration_version": "1"
}